{"D": 0.9933400756623008, "B": 0.6370007002572169, "C": 0.5777240267758973, "A": 0.7455464399822458}